Id,Date,Type,TrueValue,GuessValue,Error,Point1,Point2,"NOTE: If guess is 50 and error is 0, the record should be used only as the starting time for the set"
22ovb,2/10/2024 15:51:28,Pie,1.123595506,50,0,1,89,
22ovb,2/10/2024 15:51:36,Pie,1.123595506,82,6.34,1,89,
22ovb,2/10/2024 15:52:06,Radar,29.87012987,20,3.32,23,77,
qvc7r,2/11/2024 13:17:29,Radar,58.97435897,50,0,46,78,
w7khh,2/11/2024 13:18:04,Bar,45.36082474,50,0,44,97,
1zspd,2/11/2024 13:18:51,Bar,74.41860465,50,0,32,43,
1zspd,2/11/2024 13:19:06,Bar,74.41860465,28,5.54,32,43,
1zspd,2/11/2024 13:19:22,Pie,61.36363636,10,5.69,27,44,
1zspd,2/11/2024 13:19:34,Bar,92,5,6.45,69,75,
1zspd,2/11/2024 13:19:46,Radar,92.55319149,5,6.45,87,94,
1zspd,2/11/2024 13:19:59,Radar,47.25274725,10,5.22,43,91,
1zspd,2/11/2024 13:20:07,Bar,56.25,10,5.54,9,16,
1zspd,2/11/2024 13:20:41,Radar,50,2,5.59,12,24,
1zspd,2/11/2024 13:20:48,Pie,37.09677419,2,5.14,23,62,
1zspd,2/11/2024 13:20:59,Bar,63.15789474,15,5.59,36,57,
1zspd,2/11/2024 13:21:14,Pie,70.27027027,5,6.03,26,37,
1zspd,2/11/2024 13:21:20,Pie,18.84057971,3,4,13,69,
1zspd,2/11/2024 13:21:31,Bar,59.74025974,25,5.12,46,77,
1zspd,2/11/2024 13:22:45,Pie,30.3030303,10,4.35,10,33,
1zspd,2/11/2024 13:22:52,Pie,73.58490566,1,6.18,39,53,
1zspd,2/11/2024 13:22:57,Radar,10,1,3.19,6,60,
1zspd,2/11/2024 13:23:07,Bar,43.10344828,5,5.26,25,58,
1zspd,2/11/2024 13:23:13,Radar,63.33333333,5,5.87,57,90,
1zspd,2/11/2024 13:23:20,Bar,29.41176471,2,4.78,5,17,
9tcrn,2/11/2024 13:27:24,Bar,11.36363636,50,0,5,44,
9tcrn,2/11/2024 13:27:55,Bar,11.36363636,10,0.57,5,44,
9tcrn,2/11/2024 13:28:04,Bar,41.66666667,50,3.08,30,72,
9tcrn,2/11/2024 13:28:14,Bar,87.09677419,90,1.6,54,62,
9tcrn,2/11/2024 13:28:34,Bar,30.52631579,20,3.41,29,95,
9tcrn,2/11/2024 13:28:59,Radar,40,33,2.83,38,95,
9tcrn,2/11/2024 13:29:11,Bar,63.93442623,66,1.13,39,61,
9tcrn,2/11/2024 13:29:23,Bar,89.13043478,95,2.58,41,46,
9tcrn,2/11/2024 13:29:38,Bar,78,80,1.09,39,50,
znln5j,2/11/2024 13:29:41,Pie,31.03448276,50,0,18,58,
9tcrn,2/11/2024 13:30:10,Radar,5.172413793,5,-1.75,3,58,
9tcrn,2/11/2024 13:30:17,Bar,84.69387755,90,2.44,83,98,
9tcrn,2/11/2024 13:30:29,Radar,11.95652174,10,1.06,11,92,
9tcrn,2/11/2024 13:30:42,Bar,81.63265306,85,1.8,80,98,
9tcrn,2/11/2024 13:30:57,Bar,94.73684211,97,1.26,72,76,
9tcrn,2/11/2024 13:31:12,Bar,13.51351351,5,3.11,10,74,
9tcrn,2/11/2024 13:31:30,Bar,13.95348837,5,3.18,12,86,
9tcrn,2/11/2024 13:31:36,Bar,17.70833333,5,3.68,17,96,
9tcrn,2/11/2024 13:31:44,Radar,62.35294118,50,3.64,53,85,
9tcrn,2/11/2024 13:32:06,Radar,29.16666667,20,3.22,21,72,
9tcrn,2/11/2024 13:32:15,Bar,8.045977011,5,1.66,7,87,
9tcrn,2/11/2024 13:32:20,Bar,14.73684211,5,3.3,14,95,
9tcrn,2/11/2024 13:32:29,Bar,30.35714286,33,1.47,17,56,
9tcrn,2/11/2024 13:32:50,Bar,88.88888889,95,2.64,32,36,
9tcrn,2/11/2024 13:32:58,Radar,68.29268293,70,0.87,56,82,
9tcrn,2/11/2024 13:33:06,Radar,16.66666667,25,3.08,2,12,
9tcrn,2/11/2024 13:33:14,Radar,35.16483516,33,1.2,32,91,
9tcrn,2/11/2024 13:33:23,Radar,95.69892473,95,-0.28,89,93,
9tcrn,2/11/2024 13:33:35,Radar,89.74358974,85,2.28,70,78,
9tcrn,2/11/2024 13:34:15,Radar,11.11111111,10,0.31,1,9,
9tcrn,2/11/2024 13:34:25,Radar,76.92307692,85,3.04,50,65,
9tcrn,2/11/2024 13:34:34,Bar,23.07692308,20,1.68,12,52,
9tcrn,2/11/2024 13:34:51,Bar,96.77419355,98,0.43,30,31,
9tcrn,2/11/2024 13:35:04,Bar,45.16129032,40,2.4,14,31,
9tcrn,2/11/2024 13:35:20,Pie,30.43478261,33,1.43,21,69,
9tcrn,2/11/2024 13:35:28,Pie,33.87096774,27,2.81,21,62,
9tcrn,2/11/2024 13:35:36,Pie,58.69565217,53,2.54,27,46,
9tcrn,2/11/2024 13:35:59,Pie,1.098901099,1,-2.16,1,91,
9tcrn,2/11/2024 13:36:15,Pie,41.66666667,33,3.14,10,24,
9tcrn,2/11/2024 13:36:25,Pie,74.50980392,85,3.41,38,51,
9tcrn,2/11/2024 13:36:40,Pie,70.37037037,75,2.25,38,54,
9tcrn,2/11/2024 13:36:56,Pie,2.702702703,3,-1.24,2,74,
9tcrn,2/11/2024 13:37:26,Pie,29.41176471,25,2.18,15,51,
9tcrn,2/11/2024 13:37:35,Pie,18.30985915,15,1.78,13,71,
9tcrn,2/11/2024 13:37:53,Pie,6.976744186,5,1.07,6,86,
9tcrn,2/11/2024 13:38:30,Radar,6.25,2,2.13,6,96,
9tcrn,2/11/2024 13:38:40,Pie,2.631578947,7,2.17,1,38,
9tcrn,2/11/2024 13:39:03,Pie,30.76923077,30,-0.16,20,65,
9tcrn,2/11/2024 13:39:11,Radar,28.78787879,25,1.97,19,66,
9tcrn,2/11/2024 13:39:19,Pie,5.747126437,5,-0.2,5,87,
9tcrn,2/11/2024 13:39:36,Radar,31.03448276,25,2.62,18,58,
9tcrn,2/11/2024 13:39:45,Pie,26.66666667,20,2.76,12,45,
9tcrn,2/11/2024 13:39:52,Radar,36.17021277,33,1.72,17,47,
9tcrn,2/11/2024 13:40:10,Radar,8.955223881,10,0.23,6,67,
9tcrn,2/11/2024 13:40:41,Pie,22.97297297,23,-2.72,17,74,
9tcrn,2/11/2024 13:40:47,Pie,25.37313433,20,2.46,17,67,
9tcrn,2/11/2024 13:41:06,Pie,25,29,2.04,15,60,
9tcrn,2/11/2024 13:41:15,Radar,44.82758621,44,-0.07,13,29,
9tcrn,2/11/2024 13:41:39,Pie,11.62790698,12,-1.01,5,43,
9tcrn,2/11/2024 13:41:50,Pie,28.57142857,28,-0.52,12,42,
9tcrn,2/11/2024 13:42:05,Radar,28.94736842,20,3.18,11,38,
9tcrn,2/11/2024 13:42:16,Radar,81.25,80,0.46,26,32,
1zspd,2/11/2024 13:53:56,Bar,56.09756098,5,5.68,46,82,
1zspd,2/11/2024 13:54:05,Pie,48.27586207,3,5.5,14,29,
1zspd,2/11/2024 13:54:16,Radar,77.52808989,3,6.22,69,89,
1zspd,2/11/2024 13:54:25,Bar,7.777777778,7,-0.15,7,90,
1zspd,2/11/2024 13:54:40,Radar,100,89,3.48,56,56,
1zspd,2/11/2024 13:54:53,Bar,8.536585366,8,-0.6,7,82,
aizcu,2/11/2024 14:24:14,Radar,3.703703704,50,0,3,81,
aizcu,2/11/2024 14:24:49,Radar,3.703703704,35,4.97,3,81,
aizcu,2/11/2024 14:25:25,Pie,13.43283582,27,3.78,9,67,
aizcu,2/11/2024 14:25:40,Pie,38.46153846,45,2.74,15,39,
aizcu,2/11/2024 14:25:55,Bar,47.5,50,1.39,38,80,
aizcu,2/11/2024 14:26:26,Radar,41.93548387,37,2.34,26,62,
aizcu,2/11/2024 14:26:37,Bar,49.42528736,45,2.19,43,87,
aizcu,2/11/2024 14:26:49,Radar,88.73239437,90,0.48,63,71,
aizcu,2/11/2024 14:26:59,Bar,8.695652174,10,0.52,2,23,
aizcu,2/11/2024 14:27:24,Pie,10.12658228,13,1.58,8,79,
aizcu,2/11/2024 14:27:38,Radar,33.33333333,40,2.76,26,78,
aizcu,2/11/2024 14:27:57,Bar,78.49462366,80,0.71,73,93,
aizcu,2/11/2024 14:28:30,Bar,87.3015873,85,1.28,55,63,
aizcu,2/11/2024 14:28:57,Bar,66.21621622,65,0.42,49,74,
aizcu,2/11/2024 14:29:16,Radar,3.571428571,5,0.64,3,84,
aizcu,2/11/2024 14:29:30,Bar,60.46511628,60,-0.76,52,86,
aizcu,2/11/2024 14:29:38,Radar,98.5915493,100,0.62,70,71,
aizcu,2/11/2024 14:29:47,Pie,75,90,3.92,15,20,
aizcu,2/11/2024 14:30:01,Bar,9.375,15,2.52,3,32,
aizcu,2/11/2024 14:30:14,Radar,47.43589744,50,1.43,37,78,
aizcu,2/11/2024 14:30:40,Pie,62.06896552,70,3.01,36,58,
aizcu,2/11/2024 14:31:18,Pie,47.45762712,50,1.42,28,59,
aizcu,2/11/2024 14:31:37,Pie,75.51020408,80,2.21,37,49,
aizcu,2/11/2024 14:32:58,Radar,16.66666667,16,-0.34,12,72,
aizcu,2/11/2024 14:33:11,Pie,22.22222222,30,2.98,16,72,
aizcu,2/11/2024 14:33:31,Pie,73.07692308,76,1.61,38,52,
aizcu,2/11/2024 14:33:46,Pie,15.18987342,20,2.3,12,79,
aizcu,2/11/2024 14:34:01,Bar,93.61702128,92,0.8,88,94,
aizcu,2/11/2024 14:34:09,Pie,51.72413793,50,0.89,15,29,
aizcu,2/11/2024 14:34:22,Bar,72.09302326,66,2.64,62,86,
aizcu,2/11/2024 14:34:41,Pie,1.063829787,4,1.61,1,94,
aizcu,2/11/2024 14:34:53,Pie,30.6122449,33,1.33,15,49,
aizcu,2/11/2024 14:35:04,Pie,4.347826087,10,2.53,1,23,
aizcu,2/11/2024 14:35:24,Pie,1.25,4,1.52,1,80,
aizcu,2/11/2024 14:35:38,Bar,40.90909091,40,0.05,27,66,
aizcu,2/11/2024 14:35:50,Bar,7.142857143,10,1.58,3,42,
aizcu,2/11/2024 14:36:04,Bar,71.60493827,71,-0.45,58,81,
aizcu,2/11/2024 14:36:18,Bar,22.09302326,22,-2.2,19,86,
aizcu,2/11/2024 14:36:45,Bar,53.48837209,60,2.73,46,86,
aizcu,2/11/2024 14:36:56,Radar,81.3559322,76,2.45,48,59,
aizcu,2/11/2024 14:37:06,Radar,29.31034483,25,2.15,17,58,
aizcu,2/11/2024 14:37:15,Radar,35,33,1.09,14,40,
aizcu,2/11/2024 14:37:25,Radar,50,40,3.34,24,48,
aizcu,2/11/2024 14:37:42,Bar,77.31958763,80,1.49,75,97,
aizcu,2/11/2024 14:37:53,Radar,41.4893617,25,4.05,39,94,
aizcu,2/11/2024 14:38:16,Pie,10.38961039,15,2.24,8,77,
aizcu,2/11/2024 14:38:25,Radar,94.44444444,100,2.51,51,54,
aizcu,2/11/2024 14:38:44,Radar,28.42105263,27,0.63,27,95,
aizcu,2/11/2024 14:38:59,Pie,73.58490566,90,4.05,39,53,
aizcu,2/11/2024 14:39:14,Bar,82.10526316,72,3.35,78,95,
aizcu,2/11/2024 14:39:32,Pie,6.756756757,12,2.42,5,74,
aizcu,2/11/2024 14:39:50,Radar,36,28,3.02,36,100,
aizcu,2/11/2024 14:39:59,Bar,2.857142857,8,2.4,2,70,
aizcu,2/11/2024 14:40:07,Pie,92.5,96,1.86,37,40,
aizcu,2/11/2024 14:40:18,Pie,18.60465116,20,0.6,8,43,
aizcu,2/11/2024 14:40:28,Radar,42.69662921,40,1.5,38,89,
aizcu,2/11/2024 14:40:36,Bar,91.30434783,90,0.52,42,46,
aizcu,2/11/2024 14:40:57,Radar,72.94117647,67,2.6,62,85,
aizcu,2/11/2024 14:41:24,Radar,1.052631579,10,3.18,1,95,
aizcu,2/11/2024 14:41:58,Bar,80.76923077,17,6,63,78,
aizcu,2/11/2024 14:42:08,Radar,2.777777778,10,2.88,1,36,
x937t,2/11/2024 15:47:54,Pie,2.53164557,50,0,2,79,
1zspd,2/11/2024 18:05:19,Radar,37.33333333,8,4.88,28,75,
1zspd,2/11/2024 18:05:28,Pie,27.27272727,44,4.07,15,55,
1zspd,2/11/2024 18:05:37,Pie,57.5,50,2.93,23,40,
1zspd,2/11/2024 18:05:46,Radar,89.0625,50,5.29,57,64,
1zspd,2/11/2024 18:05:53,Bar,55.26315789,75,4.31,21,38,
1zspd,2/11/2024 18:06:05,Radar,52.12765957,55,1.58,49,94,
1zspd,2/11/2024 18:06:16,Bar,7.407407407,15,2.95,4,54,
1zspd,2/11/2024 18:12:15,Pie,20.77922078,34,3.74,16,77,
woe8d,2/11/2024 18:22:55,Radar,22.22222222,50,0,10,45,
1zspd,2/11/2024 18:38:29,Radar,96,34,5.96,48,50,
ype3b,2/11/2024 21:22:22,Radar,67.70833333,50,0,65,96,
ype3b,2/11/2024 21:22:51,Radar,67.70833333,82,3.85,65,96,
ype3b,2/11/2024 21:23:25,Pie,23.91304348,60,5.18,11,46,
ype3b,2/11/2024 21:24:01,Bar,55.55555556,80,4.62,50,90,
ype3b,2/11/2024 21:24:57,Pie,40.74074074,60,4.28,11,27,
ype3b,2/11/2024 21:25:33,Bar,94.18604651,95,-0.09,81,86,
ype3b,2/11/2024 21:26:10,Pie,23.61111111,16,2.95,17,72,
ype3b,2/11/2024 21:26:28,Pie,50,47,1.64,14,28,
ype3b,2/11/2024 21:26:45,Bar,32.89473684,30,1.59,25,76,
ype3b,2/11/2024 21:27:22,Pie,62.79069767,70,2.87,27,43,
ype3b,2/11/2024 21:27:49,Radar,34.7826087,31,1.97,16,46,
ype3b,2/11/2024 21:27:58,Pie,57.89473684,51,2.81,11,19,
ype3b,2/11/2024 21:28:24,Pie,12.65822785,20,2.9,10,79,
ype3b,2/11/2024 21:28:35,Radar,93.10344828,93,-2.13,27,29,
ype3b,2/11/2024 21:28:44,Radar,89.55223881,93,1.84,60,67,
ype3b,2/11/2024 21:28:56,Bar,45.58823529,42,1.89,31,68,
ype3b,2/11/2024 21:29:04,Bar,86.95652174,82,2.35,40,46,
ype3b,2/11/2024 21:29:21,Radar,24,21,1.64,12,50,
ype3b,2/11/2024 21:29:29,Bar,48.52941176,51,1.38,33,68,
ype3b,2/11/2024 21:29:37,Radar,11.11111111,6,2.39,5,45,
ype3b,2/11/2024 21:30:03,Bar,88.67924528,90,0.53,47,53,
ype3b,2/11/2024 21:30:29,Pie,61.36363636,71,3.29,27,44,
ype3b,2/11/2024 21:30:58,Radar,29.88505747,25,2.32,26,87,
ype3b,2/11/2024 21:31:22,Radar,59.72222222,49,3.44,43,72,
ype3b,2/11/2024 21:31:42,Bar,97.46835443,97,-0.75,77,79,
ype3b,2/11/2024 21:32:07,Bar,17.54385965,12,2.5,10,57,
ype3b,2/11/2024 21:32:23,Bar,61.11111111,65,2.01,33,54,
ype3b,2/11/2024 21:32:45,Pie,32.60869565,26,2.75,15,46,
ype3b,2/11/2024 21:32:53,Bar,81.81818182,82,-1.7,36,44,
ype3b,2/11/2024 21:33:03,Bar,94.94949495,90,2.34,94,99,
ype3b,2/11/2024 21:33:15,Bar,38.7755102,35,1.96,19,49,
ype3b,2/11/2024 21:33:26,Radar,13.63636364,18,2.17,9,66,
ype3b,2/11/2024 21:33:45,Pie,86.20689655,89,1.55,25,29,
ype3b,2/11/2024 21:33:56,Radar,82.9787234,80,1.63,78,94,
ype3b,2/11/2024 21:34:08,Pie,50,60,3.34,23,46,
ype3b,2/11/2024 21:34:19,Bar,66.03773585,60,2.62,35,53,
ype3b,2/11/2024 21:34:59,Pie,40.90909091,62,4.41,27,66,
ype3b,2/11/2024 21:35:14,Pie,60,64,2.04,33,55,
ype3b,2/11/2024 21:35:23,Radar,3.225806452,3,-1.51,3,93,
ype3b,2/11/2024 21:35:51,Bar,13.13131313,12,0.33,13,99,
ype3b,2/11/2024 21:35:59,Bar,75.29411765,71,2.14,64,85,
ype3b,2/11/2024 21:36:09,Pie,7.142857143,14,2.8,6,84,
ype3b,2/11/2024 21:36:25,Pie,26.92307692,30,1.68,14,52,
ype3b,2/11/2024 21:36:33,Bar,85.71428571,93,2.89,6,7,
a1hrx,2/11/2024 21:36:41,Radar,89.39393939,50,0,59,66,
ype3b,2/11/2024 21:36:42,Bar,82.92682927,90,2.85,34,41,
ype3b,2/11/2024 21:36:51,Bar,21.42857143,25,1.89,6,28,
ype3b,2/11/2024 21:37:02,Pie,66.66666667,63,1.92,16,24,
a1hrx,2/11/2024 21:37:02,Radar,89.39393939,27,5.97,59,66,
a1hrx,2/11/2024 21:37:13,Radar,65.51724138,64,0.72,57,87,
ype3b,2/11/2024 21:37:14,Pie,62.06896552,76,3.81,36,58,
a1hrx,2/11/2024 21:37:32,Pie,12.24489796,13,-0.18,6,49,
a1hrx,2/11/2024 21:37:43,Bar,83.14606742,81,1.18,74,89,
a1hrx,2/11/2024 21:37:54,Bar,4.081632653,7,1.61,4,98,
a1hrx,2/11/2024 21:38:09,Radar,50,50,-3,31,62,
ype3b,2/11/2024 21:38:20,Pie,39.70588235,36,1.94,27,68,
a1hrx,2/11/2024 21:38:21,Pie,63.82978723,68,2.1,30,47,
a1hrx,2/11/2024 21:38:29,Bar,33.33333333,39,2.53,5,15,
ype3b,2/11/2024 21:38:31,Radar,87.23404255,84,1.75,82,94,
a1hrx,2/11/2024 21:38:37,Radar,91.86046512,97,2.4,79,86,
a1hrx,2/11/2024 21:38:45,Radar,72.09302326,82,3.33,62,86,
ype3b,2/11/2024 21:38:46,Radar,24.70588235,17,2.97,21,85,
a1hrx,2/11/2024 21:38:54,Pie,47.72727273,50,1.26,21,44,
ype3b,2/11/2024 21:38:56,Pie,3.448275862,10,2.74,3,87,
a1hrx,2/11/2024 21:39:01,Pie,78.37837838,93,3.88,29,37,
ype3b,2/11/2024 21:39:03,Radar,33,22,3.48,33,100,
a1hrx,2/11/2024 21:39:12,Pie,64.9122807,76,3.49,37,57,
ype3b,2/11/2024 21:39:13,Radar,42.30769231,32,3.38,33,78,
ype3b,2/11/2024 21:39:22,Radar,68.13186813,50,4.19,62,91,
a1hrx,2/11/2024 21:39:22,Pie,75,76,0.17,39,52,
ype3b,2/11/2024 21:39:34,Radar,19.23076923,20,-0.16,10,52,
a1hrx,2/11/2024 21:39:38,Radar,48.07692308,47,0.27,25,52,
ype3b,2/11/2024 21:39:41,Pie,6.818181818,12,2.41,3,44,
a1hrx,2/11/2024 21:39:50,Bar,63.63636364,57,2.76,63,99,
ype3b,2/11/2024 21:39:54,Bar,82.69230769,79,1.93,43,52,
a1hrx,2/11/2024 21:39:59,Pie,50,57,2.83,22,44,
ype3b,2/11/2024 21:40:00,Radar,93.93939394,92,1.05,31,33,
ype3b,2/11/2024 21:40:08,Radar,56.25,51,2.43,9,16,
a1hrx,2/11/2024 21:40:09,Radar,46.51162791,49,1.39,40,86,
ype3b,2/11/2024 21:40:18,Radar,91.57894737,93,0.63,87,95,
a1hrx,2/11/2024 21:40:18,Bar,84.50704225,84,-0.66,60,71,
a1hrx,2/11/2024 21:40:28,Pie,23.21428571,19,2.12,13,56,
a1hrx,2/11/2024 21:40:43,Radar,59.5505618,68,3.1,53,89,
a1hrx,2/11/2024 21:40:53,Radar,77.27272727,87,3.3,68,88,
a1hrx,2/11/2024 21:41:01,Radar,60.37735849,75,3.88,32,53,
a1hrx,2/11/2024 21:41:17,Pie,1.086956522,2,0.05,1,92,
a1hrx,2/11/2024 21:41:30,Bar,73.84615385,74,-1.84,48,65,
a1hrx,2/11/2024 21:41:38,Radar,74,58,4.01,37,50,
a1hrx,2/11/2024 21:41:54,Pie,9.411764706,16,2.75,8,85,
a1hrx,2/11/2024 21:42:07,Bar,25.64102564,24,0.82,20,78,
a1hrx,2/11/2024 21:42:14,Radar,56.81818182,61,2.11,25,44,
a1hrx,2/11/2024 21:42:25,Bar,9.677419355,15,2.45,3,31,
a1hrx,2/11/2024 21:42:30,Radar,68.51851852,89,4.37,37,54,
a1hrx,2/11/2024 21:42:37,Bar,21.05263158,18,1.67,4,19,
a1hrx,2/11/2024 21:42:47,Pie,10.81081081,18,2.87,8,74,
a1hrx,2/11/2024 21:42:56,Radar,23.68421053,18,2.54,18,76,
a1hrx,2/11/2024 21:43:03,Pie,70.21276596,77,2.79,33,47,
a1hrx,2/11/2024 21:43:12,Bar,2.43902439,6,1.88,2,82,
a1hrx,2/11/2024 21:43:24,Pie,41.30434783,38,1.78,19,46,
a1hrx,2/11/2024 21:43:33,Bar,65.11627907,64,0.31,56,86,
a1hrx,2/11/2024 21:43:40,Bar,59.13978495,58,0.34,55,93,
a1hrx,2/11/2024 21:44:02,Pie,12.98701299,14,0.19,10,77,
a1hrx,2/11/2024 21:44:09,Bar,71.42857143,86,3.88,10,14,
a1hrx,2/11/2024 21:44:16,Bar,60.86956522,59,1,56,92,
a1hrx,2/11/2024 21:44:27,Bar,27.63157895,29,0.58,21,76,
a1hrx,2/11/2024 21:44:36,Radar,97.05882353,95,1.13,33,34,
a1hrx,2/11/2024 21:44:43,Radar,17.64705882,17,-0.37,15,85,
a1hrx,2/11/2024 21:44:52,Radar,12.5,17,2.21,5,40,
a1hrx,2/11/2024 21:45:17,Pie,22,26,2.04,11,50,
a1hrx,2/11/2024 21:45:25,Bar,79.26829268,72,2.89,65,82,
a1hrx,2/11/2024 21:45:39,Pie,19.04761905,22,1.62,12,63,
a1hrx,2/11/2024 21:45:46,Pie,67.74193548,85,4.12,21,31,
a1hrx,2/11/2024 21:45:53,Radar,33.75,41,2.88,27,80,
a1hrx,2/11/2024 21:46:02,Bar,1.086956522,2,0.05,1,92,
a1hrx,2/11/2024 21:46:15,Bar,61.19402985,60,0.4,41,67,
a1hrx,2/11/2024 21:46:22,Bar,23.72881356,24,-1.34,14,59,
a1hrx,2/11/2024 21:46:35,Pie,67.85714286,67,-0.03,19,28,
a1hrx,2/11/2024 21:46:43,Pie,97.61904762,96,0.8,41,42,
a1hrx,2/11/2024 21:46:50,Pie,92.30769231,91,0.52,24,26,
a1hrx,2/11/2024 21:46:58,Bar,97.01492537,96,0.19,65,67,
a1hrx,2/11/2024 21:47:05,Radar,87.14285714,96,3.17,61,70,
a1hrx,2/11/2024 21:47:12,Radar,85.24590164,89,1.96,52,61,
1harg,2/11/2024 22:37:32,Bar,14.92537313,50,0,10,67,
1harg,2/11/2024 22:37:44,Bar,14.92537313,5,3.33,10,67,
1harg,2/11/2024 22:37:57,Bar,89.74358974,25,6.02,35,39,
1harg,2/11/2024 22:38:38,Radar,86.9047619,80,2.81,73,84,
1harg,2/11/2024 22:38:47,Bar,60.52631579,50,3.41,46,76,
1harg,2/11/2024 22:39:06,Radar,95.12195122,30,6.03,39,41,
1harg,2/11/2024 22:39:16,Pie,10.60606061,9,0.79,7,66,
1harg,2/11/2024 22:39:25,Pie,8.045977011,5,1.66,7,87,
1harg,2/11/2024 22:39:32,Bar,6.41025641,2,2.18,5,78,
1harg,2/11/2024 22:39:37,Pie,18.36734694,18,-1.02,9,49,
1harg,2/11/2024 22:39:43,Bar,4.411764706,2,1.34,3,68,
1harg,2/11/2024 22:39:48,Bar,9.090909091,2,2.85,2,22,
1harg,2/11/2024 22:39:54,Pie,3.947368421,4,-2.49,3,76,
1harg,2/11/2024 22:40:04,Radar,11.68831169,8,1.93,9,77,
1harg,2/11/2024 22:40:12,Pie,14.28571429,16,0.88,8,56,
1harg,2/11/2024 22:40:19,Pie,3.448275862,5,0.75,3,87,
1harg,2/11/2024 22:40:24,Bar,20,16,2.04,17,85,
1harg,2/11/2024 22:40:34,Radar,96,44,5.7,48,50,
1harg,2/11/2024 22:40:42,Radar,11.23595506,7,2.12,10,89,
1harg,2/11/2024 22:40:50,Bar,3.06122449,2,0.25,3,98,
1harg,2/11/2024 22:40:59,Pie,9.302325581,16,2.77,8,86,
1harg,2/11/2024 22:41:05,Pie,13.33333333,16,1.48,8,60,
1harg,2/11/2024 22:41:12,Bar,21.21212121,16,2.42,14,66,
1harg,2/11/2024 22:41:28,Radar,60,22,5.25,27,45,
1harg,2/11/2024 22:41:40,Bar,97.05882353,68,4.87,66,68,
1harg,2/11/2024 22:41:53,Pie,89.79591837,42,5.58,44,49,
1harg,2/11/2024 22:42:04,Radar,15.71428571,7,3.14,11,70,
1harg,2/11/2024 22:42:14,Pie,63.82978723,27,5.21,30,47,
1harg,2/11/2024 22:42:26,Pie,89.58333333,41,5.61,43,48,
1harg,2/11/2024 22:42:36,Radar,39.13043478,24,3.93,18,46,
1harg,2/11/2024 22:42:43,Pie,3.703703704,6,1.28,3,81,
1harg,2/11/2024 22:42:51,Bar,43.28358209,24,4.28,29,67,
1harg,2/11/2024 22:42:59,Bar,92.5,35,5.85,37,40,
1harg,2/11/2024 22:43:08,Bar,3.296703297,2,0.51,3,91,
1harg,2/11/2024 22:43:19,Bar,67.74193548,62,2.55,63,93,
1harg,2/11/2024 22:43:42,Radar,69.01408451,41,4.81,49,71,
1harg,2/11/2024 22:43:48,Pie,3.896103896,9,2.39,3,77,
1harg,2/11/2024 22:44:01,Radar,60.52631579,20,5.35,23,38,
1harg,2/11/2024 22:44:07,Pie,91.30434783,47,5.47,42,46,
1harg,2/11/2024 22:44:14,Pie,12.34567901,20,2.96,10,81,
1harg,2/11/2024 22:44:22,Bar,62.5,31,4.98,35,56,
1harg,2/11/2024 22:44:31,Bar,21.73913043,10,3.57,10,46,
1harg,2/11/2024 22:44:38,Bar,81.81818182,45,5.21,45,55,
1harg,2/11/2024 22:44:44,Radar,30.55555556,7,4.57,11,36,
1harg,2/11/2024 22:44:57,Radar,39.50617284,31,3.11,32,81,
1harg,2/11/2024 22:45:12,Radar,91.22807018,48,5.44,52,57,
1harg,2/11/2024 22:45:18,Pie,2.127659574,3,0,2,94,
1harg,2/11/2024 22:45:27,Pie,14.89361702,10,2.33,7,47,
1harg,2/11/2024 22:45:33,Radar,51.47058824,31,4.36,35,68,
1harg,2/11/2024 22:45:51,Radar,44.44444444,22,4.5,32,72,
1harg,2/11/2024 22:45:58,Bar,10.41666667,7,1.82,5,48,
1harg,2/11/2024 22:46:05,Pie,39.13043478,26,3.73,18,46,
1harg,2/11/2024 22:46:13,Radar,75.34246575,55,4.36,55,73,
1harg,2/11/2024 22:46:21,Bar,37.5,17,4.37,21,56,
1harg,2/11/2024 22:46:29,Radar,88.05970149,63,4.65,59,67,
1harg,2/11/2024 22:46:36,Bar,65.2173913,44,4.42,45,69,
1harg,2/11/2024 22:46:45,Pie,60.52631579,26,5.11,23,38,
1harg,2/11/2024 22:46:53,Radar,20.6185567,11,3.28,20,97,
1harg,2/11/2024 22:46:59,Radar,25.37313433,15,3.39,17,67,
1harg,2/11/2024 22:47:06,Pie,5,2,1.64,1,20,
1harg,2/11/2024 22:47:13,Radar,43.24324324,22,4.42,16,37,
1zspd,2/12/2024 13:56:19,Bar,25.45454545,34,3.12,14,55,
1zspd,2/12/2024 13:56:27,Bar,87.80487805,90,1.21,36,41,
1zspd,2/12/2024 13:56:36,Bar,34.92063492,45,3.35,22,63,
1zspd,2/12/2024 13:56:46,Pie,9.302325581,15,2.54,4,43,
t90j2,2/12/2024 13:56:53,Pie,20.75471698,50,0,11,53,
1zspd,2/12/2024 13:56:56,Bar,46.15384615,50,1.99,36,78,
t90j2,2/12/2024 13:57:04,Pie,20.75471698,20,-0.18,11,53,
t90j2,2/12/2024 13:57:12,Radar,46.15384615,34,3.62,24,52,
t90j2,2/12/2024 13:57:22,Radar,87.80487805,68,4.32,72,82,
t90j2,2/12/2024 13:57:31,Radar,46.875,50,1.7,15,32,
t90j2,2/12/2024 13:57:42,Bar,27.05882353,20,2.84,23,85,
t90j2,2/12/2024 13:57:57,Pie,17.39130435,24,2.75,8,46,
t90j2,2/12/2024 13:58:13,Pie,7.954545455,11,1.66,7,88,
t90j2,2/12/2024 13:58:26,Bar,3.846153846,7,1.71,2,52,
t90j2,2/12/2024 13:58:35,Bar,97.91666667,96,1.03,94,96,
t90j2,2/12/2024 13:58:43,Pie,1.960784314,5,1.66,1,51,
t90j2,2/12/2024 13:58:54,Pie,6.976744186,10,1.65,6,86,
t90j2,2/12/2024 13:59:11,Bar,83.15789474,70,3.73,79,95,
t90j2,2/12/2024 13:59:20,Radar,51.72413793,41,3.44,45,87,
t90j2,2/12/2024 13:59:31,Radar,98.7012987,94,2.27,76,77,
t90j2,2/12/2024 13:59:39,Bar,63.04347826,63,-2.57,58,92,
t90j2,2/12/2024 13:59:49,Radar,4.054054054,8,2.03,3,74,
t90j2,2/12/2024 13:59:58,Radar,22.58064516,20,1.44,14,62,
t90j2,2/12/2024 14:00:10,Pie,9.523809524,10,-0.73,6,63,
1zspd,2/12/2024 14:00:21,Pie,36.66666667,50,3.75,22,60,
t90j2,2/12/2024 14:00:21,Bar,81.42857143,79,1.35,57,70,
1zspd,2/12/2024 14:00:32,Radar,66.07142857,90,4.59,37,56,
t90j2,2/12/2024 14:00:35,Pie,9.589041096,10,-0.9,7,73,
1zspd,2/12/2024 14:00:43,Radar,40.86021505,45,2.09,38,93,
t90j2,2/12/2024 14:00:45,Bar,22.22222222,24,0.93,10,45,
t90j2,2/12/2024 14:00:54,Pie,76.74418605,93,4.03,33,43,
t90j2,2/12/2024 14:01:03,Bar,72.58064516,72,-0.5,45,62,
t90j2,2/12/2024 14:01:17,Bar,9.638554217,16,2.7,8,83,
1zspd,2/12/2024 14:01:23,Radar,54.28571429,55,-0.25,38,70,
t90j2,2/12/2024 14:01:34,Bar,16.66666667,22,2.45,8,48,
1zspd,2/12/2024 14:01:37,Radar,82.8125,96,3.73,53,64,
t90j2,2/12/2024 14:01:49,Pie,1.075268817,4,1.61,1,93,
1zspd,2/12/2024 14:01:52,Radar,70.52631579,65,2.5,67,95,
t90j2,2/12/2024 14:01:58,Bar,61.97183099,60,1.07,44,71,
1zspd,2/12/2024 14:01:59,Pie,100,6598,12.67,26,26,
t90j2,2/12/2024 14:02:07,Bar,63.2183908,64,-0.14,55,87,
1zspd,2/12/2024 14:02:19,Pie,71.42857143,89,4.15,25,35,
t90j2,2/12/2024 14:02:24,Radar,24.65753425,19,2.53,18,73,
1zspd,2/12/2024 14:02:32,Radar,61.44578313,79,4.14,51,83,
t90j2,2/12/2024 14:02:34,Bar,37.68115942,34,1.93,26,69,
1zspd,2/12/2024 14:02:40,Pie,14.89361702,5,3.32,7,47,
t90j2,2/12/2024 14:02:45,Radar,2.150537634,2,-1.86,2,93,
1zspd,2/12/2024 14:02:50,Bar,82.43243243,80,1.35,61,74,
t90j2,2/12/2024 14:02:55,Pie,44.06779661,38,2.63,26,59,
1zspd,2/12/2024 14:03:00,Radar,93.75,97,1.75,90,96,
t90j2,2/12/2024 14:03:02,Radar,56.09756098,70,3.81,23,41,
t90j2,2/12/2024 14:03:13,Bar,25.27472527,18,2.89,23,91,
1zspd,2/12/2024 14:03:14,Pie,58.82352941,68,3.22,30,51,
t90j2,2/12/2024 14:03:23,Pie,1.492537313,4,1.4,1,67,
1zspd,2/12/2024 14:03:27,Bar,51.72413793,65,3.74,30,58,
t90j2,2/12/2024 14:03:32,Radar,61.84210526,65,1.71,47,76,
1zspd,2/12/2024 14:03:35,Bar,46.51162791,45,0.71,40,86,
t90j2,2/12/2024 14:03:40,Radar,30,21,3.19,27,90,
1zspd,2/12/2024 14:03:44,Pie,12.06896552,4,3.03,7,58,
1zspd,2/12/2024 14:03:51,Radar,78.94736842,95,4.02,45,57,
t90j2,2/12/2024 14:03:52,Bar,68.23529412,69,-0.17,58,85,
t90j2,2/12/2024 14:04:04,Bar,47.05882353,48,0.09,8,17,
t90j2,2/12/2024 14:04:10,Bar,81.81818182,86,2.11,27,33,
1zspd,2/12/2024 14:04:10,Pie,27.02702703,25,1.11,10,37,
t90j2,2/12/2024 14:04:17,Pie,41.30434783,32,3.24,19,46,
t90j2,2/12/2024 14:04:27,Pie,26.02739726,25,0.2,19,73,
t90j2,2/12/2024 14:04:34,Pie,4.444444444,6,0.75,4,90,
t90j2,2/12/2024 14:04:44,Pie,24.07407407,15,3.2,13,54,
t90j2,2/12/2024 14:04:49,Pie,15,15,-3,9,60,
t90j2,2/12/2024 14:04:55,Radar,76.19047619,85,3.16,32,42,
t90j2,2/12/2024 14:05:05,Radar,26.08695652,18,3.04,6,23,
t90j2,2/12/2024 14:05:13,Bar,40.81632653,38,1.56,40,98,
t90j2,2/12/2024 14:05:27,Radar,9.090909091,7,1.15,5,55,
t90j2,2/12/2024 14:05:35,Radar,60.91954023,52,3.18,53,87,
t90j2,2/12/2024 14:05:42,Pie,68.96551724,68,0.13,20,29,
t90j2,2/12/2024 14:05:54,Radar,12,5,2.83,3,25,
1zspd,2/12/2024 14:05:59,Radar,79.54545455,98,4.22,35,44,
t90j2,2/12/2024 14:06:00,Pie,26.82926829,27,-1.76,11,41,
t90j2,2/12/2024 14:06:11,Pie,60,81,4.4,18,30,
t90j2,2/12/2024 14:06:18,Pie,100,97,1.64,29,29,
t90j2,2/12/2024 14:06:25,Radar,84.90566038,80,2.33,45,53,
t90j2,2/12/2024 14:06:29,Bar,91.89189189,91,0.02,68,74,
t90j2,2/12/2024 14:06:35,Radar,87.67123288,91,1.79,64,73,
1zspd,2/12/2024 14:06:39,Bar,54.54545455,55,-0.79,42,77,
t90j2,2/12/2024 14:06:42,Bar,53.42465753,57,1.89,39,73,
1zspd,2/12/2024 14:06:48,Pie,18.91891892,34,3.93,14,74,
t90j2,2/12/2024 14:06:49,Radar,91.83673469,88,1.99,45,49,
1zspd,2/12/2024 14:07:00,Pie,61.11111111,50,3.49,11,18,
oh1ka,2/12/2024 14:50:57,Radar,63.75,50,0,51,80,
oh1ka,2/12/2024 14:51:30,Radar,63.75,50,3.79,51,80,
oh1ka,2/12/2024 14:52:19,Pie,8.771929825,10,0.44,5,57,
oh1ka,2/12/2024 15:16:28,Pie,30,3,4.76,18,60,
oh1ka,2/12/2024 15:17:09,Radar,16.4556962,8,3.1,13,79,
oh1ka,2/12/2024 15:17:26,Pie,96.96969697,98,0.21,32,33,
oh1ka,2/12/2024 15:18:17,Bar,45.83333333,90,5.47,11,24,
oh1ka,2/12/2024 15:18:39,Bar,42.85714286,30,3.7,30,70,
oh1ka,2/12/2024 15:18:45,Radar,66.66666667,25,5.39,40,60,
oh1ka,2/12/2024 15:18:58,Bar,58.33333333,80,4.45,28,48,
oh1ka,2/12/2024 15:19:08,Radar,83.78378378,60,4.58,31,37,
oh1ka,2/12/2024 15:19:17,Pie,5.970149254,2,2.03,4,67,
oh1ka,2/12/2024 15:19:31,Bar,4.054054054,1,1.67,3,74,
oh1ka,2/12/2024 15:19:39,Bar,65.85365854,60,2.58,54,82,
oh1ka,2/12/2024 15:19:46,Pie,88.57142857,6090,12.55,31,35,
a66mji,2/12/2024 15:19:51,Radar,81.13207547,50,0,43,53,
oh1ka,2/12/2024 15:19:56,Radar,51.51515152,50,0.71,51,99,
oh1ka,2/12/2024 15:20:04,Bar,66.03773585,70,2.03,35,53,
oh1ka,2/12/2024 15:20:20,Radar,98.97959184,70,4.86,97,98,
oh1ka,2/12/2024 15:20:34,Bar,56.16438356,60,1.99,41,73,
oh1ka,2/12/2024 15:20:42,Radar,31.57894737,0,4.99,30,95,
oh1ka,2/12/2024 15:20:51,Radar,89.69072165,80,3.3,87,97,
oh1ka,2/12/2024 15:21:09,Bar,33.33333333,20,3.75,22,66,
oh1ka,2/12/2024 15:21:16,Radar,6.52173913,80,6.2,3,46,
a66mji,2/12/2024 15:21:34,Radar,81.13207547,80,0.33,43,53,
oh1ka,2/12/2024 15:21:52,Bar,25,30,2.36,15,60,
a66mji,2/12/2024 15:21:55,Radar,18.36734694,18,-1.02,18,98,
oh1ka,2/12/2024 15:22:00,Radar,86.79245283,50,5.21,46,53,
oh1ka,2/12/2024 15:22:14,Pie,26.02739726,40,3.82,19,73,
oh1ka,2/12/2024 15:22:30,Bar,41.66666667,45,1.79,35,84,
oh1ka,2/12/2024 15:22:39,Bar,73.68421053,4580,12.14,70,95,
oh1ka,2/12/2024 15:22:51,Radar,44.08602151,80,5.17,41,93,
oh1ka,2/12/2024 15:23:00,Bar,94.28571429,99,2.27,33,35,
oh1ka,2/12/2024 15:23:07,Bar,90.54054054,97,2.72,67,74,
a66mji,2/12/2024 15:23:15,Pie,13.23529412,7,2.67,9,68,
oh1ka,2/12/2024 15:23:19,Radar,73.68421053,30,5.45,42,57,
oh1ka,2/12/2024 15:23:31,Pie,43.5483871,40,1.88,27,62,
oh1ka,2/12/2024 15:23:38,Pie,5.952380952,3,1.62,5,84,
oh1ka,2/12/2024 15:23:51,Pie,6.25,5,0.46,1,16,
oh1ka,2/12/2024 15:23:58,Radar,57.89473684,30,4.81,33,57,
oh1ka,2/12/2024 15:24:06,Pie,3.260869565,5,0.9,3,92,
oh1ka,2/12/2024 15:24:14,Bar,84.61538462,85,-0.97,55,65,
oh1ka,2/12/2024 15:24:23,Radar,70.37037037,80,3.29,38,54,
oh1ka,2/12/2024 15:24:35,Pie,33.87096774,40,2.64,21,62,
oh1ka,2/12/2024 15:24:41,Radar,82.8125,10,6.19,53,64,
oh1ka,2/12/2024 15:24:47,Radar,43.95604396,40,2.03,40,91,
oh1ka,2/12/2024 15:25:48,Pie,51.2195122,70,4.24,21,41,
oh1ka,2/12/2024 15:25:58,Bar,15.06849315,10,2.38,11,73,
oh1ka,2/12/2024 15:26:09,Pie,36.36363636,45,3.13,24,66,
oh1ka,2/12/2024 15:26:16,Pie,1.052631579,1,-2.49,1,95,
oh1ka,2/12/2024 15:26:33,Bar,20,5,3.92,14,70,
oh1ka,2/12/2024 15:26:39,Pie,58.33333333,90,4.99,14,24,
oh1ka,2/12/2024 15:26:46,Pie,2.564102564,10,2.92,1,39,
oh1ka,2/12/2024 15:27:13,Radar,87.17948718,60,4.77,68,78,
oh1ka,2/12/2024 15:27:22,Bar,34.72222222,40,2.43,25,72,
oh1ka,2/12/2024 15:27:41,Radar,4.109589041,20,4,3,73,
oh1ka,2/12/2024 15:27:51,Bar,12.32876712,5,2.9,9,73,
oh1ka,2/12/2024 15:28:01,Pie,7.692307692,15,2.89,3,39,
oh1ka,2/12/2024 15:28:15,Radar,41.89189189,45,1.69,31,74,
oh1ka,2/12/2024 15:28:24,Pie,94.44444444,85,3.26,34,36,
oh1ka,2/12/2024 15:28:36,Pie,50,75,4.65,12,24,
oh1ka,2/12/2024 15:28:44,Pie,11.29032258,30,4.24,7,62,
oh1ka,2/12/2024 15:28:51,Bar,83.75,95,3.51,67,80,
oh1ka,2/12/2024 15:28:59,Bar,84.72222222,90,2.43,61,72,
oh1ka,2/12/2024 15:29:16,Radar,97.77777778,70,4.8,44,45,
70xns,2/12/2024 16:10:26,Pie,32.30769231,50,0,21,65,
70xns,2/12/2024 16:11:06,Pie,32.30769231,30,1.28,21,65,
70xns,2/12/2024 16:11:27,Bar,85,85,-3,17,20,
70xns,2/12/2024 16:11:45,Radar,45,50,2.36,36,80,
70xns,2/12/2024 16:12:11,Bar,53.68421053,56,1.29,51,95,
70xns,2/12/2024 16:12:34,Pie,56.36363636,64,2.96,31,55,
70xns,2/12/2024 16:12:52,Bar,55.55555556,52,1.88,35,63,
70xns,2/12/2024 16:13:05,Pie,40.625,33,2.95,26,64,
70xns,2/12/2024 16:13:20,Pie,3.333333333,7,1.92,3,90,
70xns,2/12/2024 16:13:42,Radar,24.05063291,31,2.82,19,79,
70xns,2/12/2024 16:13:50,Bar,57.14285714,50,2.86,8,14,
70xns,2/12/2024 16:13:58,Pie,55.81395349,61,2.41,24,43,
70xns,2/12/2024 16:14:06,Pie,41.66666667,30,3.56,15,36,
70xns,2/12/2024 16:14:14,Bar,22.22222222,25,1.54,12,54,
70xns,2/12/2024 16:14:31,Radar,94.84536082,100,2.4,92,97,
70xns,2/12/2024 16:14:42,Bar,40.81632653,40,-0.09,40,98,
70xns,2/12/2024 16:14:58,Pie,14.86486486,14,-0.01,11,74,
70xns,2/12/2024 16:15:06,Pie,26,22,2.04,13,50,
70xns,2/12/2024 16:15:14,Radar,16.12903226,10,2.64,10,62,
70xns,2/12/2024 16:15:21,Bar,27.08333333,25,1.14,13,48,
70xns,2/12/2024 16:15:33,Pie,13.58024691,12,0.77,11,81,
70xns,2/12/2024 16:15:49,Radar,97.5,100,1.39,39,40,
70xns,2/12/2024 16:16:01,Radar,59.21052632,43,4.03,45,76,
70xns,2/12/2024 16:16:25,Bar,7.594936709,8,-0.92,6,79,
70xns,2/12/2024 16:16:32,Bar,21.42857143,20,0.64,21,98,
70xns,2/12/2024 16:16:40,Bar,40,40,-3,34,85,
70xns,2/12/2024 16:16:51,Pie,8.139534884,10,0.99,7,86,
70xns,2/12/2024 16:17:01,Radar,76.53061224,73,1.87,75,98,
70xns,2/12/2024 16:17:11,Radar,61.11111111,50,3.49,11,18,
70xns,2/12/2024 16:17:38,Radar,43.33333333,50,2.76,39,90,
70xns,2/12/2024 16:17:49,Pie,2.222222222,3,-0.15,2,90,
70xns,2/12/2024 16:17:57,Radar,9.523809524,100,6.5,4,42,
70xns,2/12/2024 16:18:05,Bar,72.34042553,74,0.84,34,47,
70xns,2/12/2024 16:18:17,Pie,26.08695652,16,3.35,6,23,
70xns,2/12/2024 16:18:24,Radar,71.42857143,85,3.78,45,63,
70xns,2/12/2024 16:18:30,Pie,90.47619048,100,3.27,38,42,
70xns,2/12/2024 16:18:38,Bar,60.41666667,60,-0.88,58,96,
70xns,2/12/2024 16:18:50,Radar,43.1372549,30,3.73,22,51,
70xns,2/12/2024 16:19:00,Pie,55.55555556,40,3.97,30,54,
70xns,2/12/2024 16:19:08,Radar,1.538461538,91,6.49,1,65,
70xns,2/12/2024 16:19:16,Bar,45.23809524,46,-0.17,38,84,
70xns,2/12/2024 16:19:23,Radar,80.55555556,73,2.94,58,72,
70xns,2/12/2024 16:19:30,Pie,34.28571429,30,2.14,24,70,
70xns,2/12/2024 16:19:39,Bar,43.83561644,40,1.99,32,73,
70xns,2/12/2024 16:20:23,Radar,48.97959184,36,3.71,24,49,
70xns,2/12/2024 16:20:32,Bar,31.70731707,31,-0.26,26,82,
70xns,2/12/2024 16:20:38,Radar,41.79104478,100,5.87,28,67,
70xns,2/12/2024 16:20:47,Radar,73.21428571,72,0.42,41,56,
70xns,2/12/2024 16:20:56,Pie,63.82978723,58,2.57,30,47,
70xns,2/12/2024 16:21:16,Pie,16.17647059,13,1.72,11,68,
70xns,2/12/2024 16:22:32,Bar,3.174603175,5,0.96,2,63,
70xns,2/12/2024 16:22:39,Radar,66.29213483,31,5.15,59,89,
70xns,2/12/2024 16:22:48,Radar,64.81481481,77,3.62,35,54,
70xns,2/12/2024 16:22:57,Pie,18.33333333,17,0.54,11,60,
70xns,2/12/2024 16:23:04,Bar,7.692307692,6,0.86,7,91,
70xns,2/12/2024 16:23:16,Radar,8.641975309,51,5.41,7,81,
70xns,2/12/2024 16:23:26,Bar,61.76470588,65,1.75,42,68,
70xns,2/12/2024 16:23:33,Bar,53.52112676,54,-0.73,38,71,
70xns,2/12/2024 16:23:43,Pie,22.22222222,16,2.67,14,63,
70xns,2/12/2024 16:23:57,Pie,73.80952381,69,2.3,31,42,
70xns,2/12/2024 16:24:04,Bar,66.66666667,69,1.3,36,54,
5gzdh,2/12/2024 17:26:27,Radar,63.82978723,50,0,30,47,
5gzdh,2/12/2024 17:28:24,Radar,63.82978723,40,4.58,30,47,
5gzdh,2/12/2024 17:28:42,Pie,25.64102564,36,3.39,10,39,
5gzdh,2/12/2024 17:28:53,Pie,62.16216216,50,3.62,23,37,
5gzdh,2/12/2024 17:29:04,Bar,70.12987013,75,2.32,54,77,
5gzdh,2/12/2024 17:29:13,Pie,62.16216216,50,3.62,23,37,
5gzdh,2/12/2024 17:29:26,Pie,18.18181818,25,2.8,10,55,
5gzdh,2/12/2024 17:29:38,Pie,2.197802198,3,-0.11,2,91,
5gzdh,2/12/2024 17:29:48,Pie,66.66666667,80,3.75,22,33,
5gzdh,2/12/2024 17:30:04,Radar,32.43243243,49,4.06,24,74,
5gzdh,2/12/2024 17:30:16,Bar,30.68181818,35,2.15,27,88,
5gzdh,2/12/2024 17:30:29,Bar,22.47191011,25,1.41,20,89,
5gzdh,2/12/2024 17:30:36,Bar,73.13432836,78,2.32,49,67,
5gzdh,2/12/2024 17:30:44,Bar,57.62711864,50,2.95,34,59,
5gzdh,2/12/2024 17:30:56,Radar,34.375,33,0.58,22,64,
5gzdh,2/12/2024 17:32:11,Pie,54.34782609,70,3.98,25,46,
5gzdh,2/12/2024 17:32:21,Radar,60,15,5.5,27,45,
5gzdh,2/12/2024 17:32:35,Radar,75,20,5.78,30,40,
5gzdh,2/12/2024 17:32:47,Bar,41.81818182,36,2.57,23,55,
5gzdh,2/12/2024 17:33:09,Radar,40.29850746,27,3.75,27,67,
5gzdh,2/12/2024 17:33:18,Radar,78.57142857,10,6.1,11,14,
5gzdh,2/12/2024 17:33:33,Pie,57.40740741,70,3.67,31,54,
5gzdh,2/12/2024 17:33:43,Bar,66.66666667,79,3.64,48,72,
5gzdh,2/12/2024 17:33:54,Radar,74,67,2.83,74,100,
5gzdh,2/12/2024 17:34:08,Pie,17.91044776,25,2.85,12,67,
5gzdh,2/12/2024 17:34:23,Bar,63.52941176,60,1.87,54,85,
5gzdh,2/12/2024 17:34:34,Bar,72.15189873,78,2.58,57,79,
5gzdh,2/12/2024 17:34:43,Pie,47.22222222,55,2.98,17,36,
5gzdh,2/12/2024 17:34:51,Bar,94.11764706,90,2.08,16,17,
5gzdh,2/12/2024 17:35:02,Radar,50.57471264,15,5.16,44,87,
5gzdh,2/12/2024 17:35:12,Bar,50,51,0.17,17,34,
5gzdh,2/12/2024 17:35:26,Radar,59.49367089,32,4.79,47,79,
5gzdh,2/12/2024 17:35:43,Radar,93.10344828,41,5.71,27,29,
5gzdh,2/12/2024 17:35:56,Bar,50.52631579,46,2.22,48,95,
5gzdh,2/12/2024 17:36:10,Radar,67.77777778,48,4.31,61,90,
5gzdh,2/12/2024 17:36:17,Pie,13.04347826,10,1.66,6,46,
5gzdh,2/12/2024 17:36:27,Pie,27.90697674,32,2.08,12,43,
5gzdh,2/12/2024 17:36:33,Pie,5.797101449,5,-0.12,4,69,
5gzdh,2/12/2024 17:36:49,Bar,7.843137255,10,1.19,4,51,
5gzdh,2/12/2024 17:36:59,Pie,32.25806452,31,0.47,10,31,
5gzdh,2/12/2024 17:37:11,Radar,48.8372093,35,3.8,42,86,
5gzdh,2/12/2024 17:37:18,Bar,70,67,1.64,70,100,
5gzdh,2/12/2024 17:37:26,Pie,31.66666667,40,3.08,19,60,
5gzdh,2/12/2024 17:37:44,Pie,55.55555556,60,2.19,20,36,
5gzdh,2/12/2024 17:37:55,Radar,53.57142857,39,3.88,30,56,
5gzdh,2/12/2024 17:38:05,Radar,7.792207792,39,4.97,6,77,
5gzdh,2/12/2024 17:38:37,Radar,89.39393939,29,5.92,59,66,
5gzdh,2/12/2024 17:38:46,Bar,86.15384615,80,2.65,56,65,
5gzdh,2/12/2024 17:39:09,Bar,86.20689655,88,0.94,75,87,
5gzdh,2/12/2024 17:39:30,Radar,40.24390244,45,2.29,33,82,
5gzdh,2/12/2024 17:39:49,Radar,77.77777778,55,4.52,70,90,
5gzdh,2/12/2024 17:39:57,Pie,2.5,2,-0.68,2,80,
5gzdh,2/12/2024 17:40:06,Pie,4.87804878,3,1,4,82,
5gzdh,2/12/2024 17:40:16,Pie,69.09090909,84,3.91,38,55,
5gzdh,2/12/2024 17:40:25,Pie,60.97560976,55,2.61,25,41,
5gzdh,2/12/2024 17:40:45,Bar,33.67346939,47,3.75,33,98,
5gzdh,2/12/2024 17:40:52,Bar,3.389830508,2,0.6,2,59,
5gzdh,2/12/2024 17:41:03,Radar,37.5,30,2.93,36,96,
5gzdh,2/12/2024 17:41:16,Radar,45.88235294,30,4,39,85,
5gzdh,2/12/2024 17:41:24,Bar,8.333333333,5,1.79,7,84,
5gzdh,2/12/2024 17:41:32,Bar,38.46153846,48,3.27,5,13,
q4vjp,2/12/2024 17:44:18,Pie,4.395604396,50,0,4,91,
q4vjp,2/12/2024 17:45:24,Pie,4.395604396,100,6.58,4,91,
mc11z,2/12/2024 17:46:15,Pie,20.3125,50,0,13,64,
mc11z,2/12/2024 17:46:49,Pie,20.3125,28,2.97,13,64,
mc11z,2/12/2024 17:47:00,Bar,27.14285714,28,-0.03,19,70,
mc11z,2/12/2024 17:47:58,Radar,9.574468085,10,-0.86,9,94,
mc11z,2/12/2024 17:48:12,Pie,1.219512195,1,-1.54,1,82,
mc11z,2/12/2024 17:48:30,Bar,56.98924731,60,1.65,53,93,
mc11z,2/12/2024 17:48:50,Radar,73.68421053,90,4.04,56,76,
mc11z,2/12/2024 17:49:05,Radar,33.33333333,33,-1.13,27,81,
mc11z,2/12/2024 17:49:21,Radar,79.59183673,95,3.96,39,49,
mc11z,2/12/2024 17:49:39,Pie,26.76056338,25,0.91,19,71,
mc11z,2/12/2024 17:49:53,Radar,53.01204819,50,1.65,44,83,
mc11z,2/12/2024 17:50:09,Bar,15.68627451,15,-0.3,8,51,
mc11z,2/12/2024 17:50:21,Radar,65.57377049,80,3.86,40,61,
mc11z,2/12/2024 17:50:37,Bar,3.333333333,5,0.84,2,60,
mc11z,2/12/2024 17:50:52,Pie,93.75,99,2.43,15,16,
mc11z,2/12/2024 17:51:03,Pie,1.098901099,1,-2.16,1,91,
mc11z,2/12/2024 17:51:17,Bar,44.06779661,48,2.02,26,59,
mc11z,2/12/2024 17:51:29,Bar,80.26315789,80,-1.37,61,76,
mc11z,2/12/2024 17:51:44,Radar,37.5,40,1.39,15,40,
mc11z,2/12/2024 17:51:58,Radar,95.74468085,100,2.13,45,47,
mc11z,2/12/2024 17:52:18,Bar,74.44444444,75,-0.56,67,90,
mc11z,2/12/2024 17:52:30,Bar,90.76923077,98,2.88,59,65,
mc11z,2/12/2024 17:52:45,Pie,64.1509434,80,4,34,53,
mc11z,2/12/2024 17:52:58,Bar,31.81818182,25,2.8,21,66,
mc11z,2/12/2024 17:53:17,Pie,4.705882353,5,-1.25,4,85,
mc11z,2/12/2024 17:53:28,Bar,56.97674419,60,1.65,49,86,
mc11z,2/12/2024 17:53:41,Radar,77.41935484,90,3.67,72,93,
mc11z,2/12/2024 17:53:56,Radar,50.54945055,45,2.5,46,91,
mc11z,2/12/2024 17:54:13,Pie,25,30,2.36,14,56,
mc11z,2/12/2024 17:54:25,Bar,75,80,2.36,51,68,
mc11z,2/12/2024 17:54:44,Pie,48.14814815,75,4.75,13,27,
mc11z,2/12/2024 17:55:05,Bar,26.47058824,20,2.72,18,68,
mc11z,2/12/2024 17:55:21,Pie,48.48484848,65,4.06,16,33,
mc11z,2/12/2024 17:55:43,Pie,15.27777778,20,2.28,11,72,
mc11z,2/12/2024 17:56:00,Pie,26.31578947,25,0.53,5,19,
mc11z,2/12/2024 17:56:17,Radar,75.75757576,90,3.84,75,99,
mc11z,2/12/2024 17:56:32,Radar,73.80952381,75,0.4,62,84,
mc11z,2/12/2024 17:56:44,Bar,23.07692308,25,1.03,3,13,
mc11z,2/12/2024 17:56:54,Bar,95,95,-3,19,20,
mc11z,2/12/2024 17:57:10,Radar,26.31578947,25,0.53,10,38,
mc11z,2/12/2024 17:57:24,Radar,100,95,2.36,81,81,
mc11z,2/12/2024 17:57:42,Pie,4.651162791,5,-1.08,4,86,
mc11z,2/12/2024 17:57:54,Bar,80.39215686,90,3.28,41,51,
mc11z,2/12/2024 17:58:12,Radar,50,50,-3,9,18,
mc11z,2/12/2024 17:58:30,Pie,40.625,65,4.61,26,64,
mc11z,2/12/2024 17:58:48,Pie,13.33333333,17,1.92,6,45,
mc11z,2/12/2024 17:59:05,Pie,28,25,1.64,21,75,
mc11z,2/12/2024 17:59:25,Radar,5.319148936,4,0.53,5,94,
mc11z,2/12/2024 17:59:36,Radar,14.92537313,5,3.33,10,67,
mc11z,2/12/2024 17:59:49,Pie,25,20,2.36,9,36,
mc11z,2/12/2024 18:00:01,Bar,96.96969697,99,1.11,32,33,
mc11z,2/12/2024 18:00:16,Radar,20,1,4.26,2,10,
mc11z,2/12/2024 18:00:27,Bar,64.86486486,75,3.36,48,74,
mc11z,2/12/2024 18:00:56,Pie,31.81818182,20,3.58,21,66,
ekytc,2/14/2024 6:43:11,Bar,88,50,0,66,75,
ekytc,2/14/2024 6:43:37,Bar,88,40,5.59,66,75,
ekytc,2/14/2024 6:44:33,Bar,40.90909091,30,3.46,36,88,
ekytc,2/14/2024 6:45:02,Bar,14.0625,18,2.02,9,64,
ekytc,2/14/2024 6:45:39,Pie,46.51162791,35,3.54,20,43,
ekytc,2/14/2024 6:45:55,Bar,76.74418605,70,2.78,33,43,
ekytc,2/14/2024 6:46:11,Bar,2.040816327,1,0.22,2,98,
ekytc,2/14/2024 6:46:28,Bar,33.33333333,33,-1.13,29,87,
ekytc,2/14/2024 6:46:51,Pie,2.380952381,2,-0.98,2,84,
ekytc,2/14/2024 6:47:04,Bar,27.08333333,28,0.06,26,96,
ekytc,2/14/2024 6:47:20,Radar,59.09090909,50,3.2,52,88,
ekytc,2/14/2024 6:47:37,Bar,91.42857143,88,1.83,64,70,
ekytc,2/14/2024 6:47:55,Radar,13.63636364,10,1.91,3,22,
ekytc,2/14/2024 6:48:10,Radar,44.7761194,42,1.54,30,67,
ekytc,2/14/2024 6:48:29,Pie,14.08450704,14,-2.25,10,71,
ekytc,2/14/2024 6:48:48,Radar,98.4375,90,3.1,63,64,
ekytc,2/14/2024 6:49:06,Bar,71.42857143,70,0.64,10,14,
ekytc,2/14/2024 6:49:23,Radar,13.46153846,13,-0.77,7,52,
ekytc,2/14/2024 6:49:41,Radar,5.747126437,7,0.46,5,87,
ekytc,2/14/2024 6:49:55,Radar,80.35714286,78,1.31,45,56,
ekytc,2/14/2024 6:50:12,Pie,7.692307692,6,0.86,6,78,
ekytc,2/14/2024 6:50:23,Pie,42.42424242,31,3.53,28,66,
ekytc,2/14/2024 6:50:39,Radar,29.62962963,23,2.76,24,81,
ekytc,2/14/2024 6:50:56,Bar,97.14285714,98,-0.03,34,35,
ekytc,2/14/2024 6:51:05,Bar,97.6744186,98,-1.15,84,86,
ekytc,2/14/2024 6:51:20,Pie,93.75,95,0.46,45,48,
ekytc,2/14/2024 6:51:35,Radar,27.5,17,3.41,22,80,
ekytc,2/14/2024 6:51:50,Radar,15,14,0.17,6,40,
ekytc,2/14/2024 6:52:03,Pie,5,3,1.09,3,60,
ekytc,2/14/2024 6:52:19,Radar,34.7826087,23,3.57,16,46,
ekytc,2/14/2024 6:52:30,Radar,66.25,63,1.75,53,80,
ekytc,2/14/2024 6:52:43,Pie,50,40,3.34,7,14,
ekytc,2/14/2024 6:53:01,Bar,21.73913043,21,-0.21,20,92,
ekytc,2/14/2024 6:53:16,Pie,46.77419355,27,4.31,29,62,
ekytc,2/14/2024 6:53:29,Bar,51.38888889,49,1.33,37,72,
ekytc,2/14/2024 6:53:45,Radar,32.25806452,30,1.25,30,93,
ekytc,2/14/2024 6:54:02,Pie,60,61,0.17,12,20,
ekytc,2/14/2024 6:54:14,Radar,62.68656716,64,0.52,42,67,
ekytc,2/14/2024 6:54:28,Bar,42.69662921,42,-0.28,38,89,
ekytc,2/14/2024 6:54:41,Bar,28.57142857,31,1.35,10,35,
ekytc,2/14/2024 6:54:52,Pie,41.17647059,31,3.36,21,51,
ekytc,2/14/2024 6:55:03,Pie,80,84,2.04,4,5,
ekytc,2/14/2024 6:55:22,Radar,33.33333333,32,0.54,22,66,
ekytc,2/14/2024 6:55:42,Pie,14.81481481,14,-0.09,12,81,
ekytc,2/14/2024 6:55:53,Pie,28.81355932,24,2.3,17,59,
ekytc,2/14/2024 6:56:07,Radar,35.13513514,28,2.86,13,37,
ekytc,2/14/2024 6:56:20,Radar,61.05263158,54,2.84,58,95,
ekytc,2/14/2024 6:56:34,Radar,8.602150538,8,-0.46,8,93,
ekytc,2/14/2024 6:57:01,Bar,75,76,0.17,48,64,
ekytc,2/14/2024 6:57:15,Pie,49.05660377,44,2.37,26,53,
ekytc,2/14/2024 6:57:31,Bar,58.06451613,58,-2.4,54,93,
ekytc,2/14/2024 6:57:42,Bar,91.30434783,91,-1.22,84,92,
ekytc,2/14/2024 6:57:57,Pie,24.56140351,22,1.43,14,57,
ekytc,2/14/2024 6:58:15,Pie,53.84615385,37,4.09,21,39,
ekytc,2/14/2024 6:58:41,Pie,16.43835616,15,0.64,12,73,
ekytc,2/14/2024 6:58:57,Pie,19.14893617,13,2.65,9,47,
ekytc,2/14/2024 6:59:17,Radar,76.59574468,70,2.75,36,47,
ekytc,2/14/2024 6:59:29,Bar,26.86567164,24,1.58,18,67,
ekytc,2/14/2024 6:59:43,Pie,56.89655172,62,2.39,33,58,
ekytc,2/14/2024 6:59:58,Radar,5.263157895,3,1.26,1,19,
ekytc,2/14/2024 7:00:15,Bar,9.333333333,8,0.54,7,75,